priority,old_path,historical_impressions,historical_clicks,wayback_snapshot,source_status,implementation_status,next_action,notes
P0,/walk-in-baths-with-showers-the-best-dual-function-options-in-the-uk/,2001,1,20250308065003,complete,restored_production,monitor_gsc,Indexed after recovery release
P0,/installing-a-walk-in-bath/,981,0,20240415115910,complete,restored_production,monitor_gsc,Indexed after recovery release
P0,/best-shower-walk-in-tubs-for-small-bathrooms-space-saving-solutions/,265,0,,missing,blocked_source,request_wordpress_backup,No body found in Wayback Sanity backup Git or local backup
P0,/how-microbubbles-can-transform-your-skin-and-bathing-experience/,169,1,,missing,blocked_source,request_wordpress_backup,No body found in Wayback Sanity backup Git or local backup
P1,/a-closer-look-at-the-benefits-of-a-walk-in-bath/,,,20240415124253,unreviewed,queued,compare_current_and_extract,Wayback capture confirmed
P1,/how-walk-in-baths-can-help-with-muscle-pain/,,,20240223073514,unreviewed,queued,compare_current_and_extract,Wayback capture confirmed
P1,/serenity-range-self-cleaning-walk-in-baths/,,,20240415132305,unreviewed,queued,compare_current_and_extract,Wayback capture confirmed
P1,/create-your-ultimate-bathroom-retreat-with-odyssey-walk-in-tubs/,,,20250317153306,unreviewed,queued,compare_current_and_extract,Wayback capture confirmed
P1,/here-are-some-signs-its-time-for-a-walk-in-bath/,,,20240415130005,unreviewed,queued,compare_current_and_extract,Wayback capture confirmed
P1,/tips-for-designing-an-accessible-bathroom/,,,20240415112307,unreviewed,queued,compare_current_and_extract,Wayback capture confirmed
P1,/using-epsom-salts-in-your-walk-in-bath/,,,20240415114406,unreviewed,queued,compare_current_and_extract,Check for equivalent current Epsom salts Sanity post before restoring
P1,/walk-in-baths-and-showers-with-hydrotherapy-health-wellness-benefits/,,,20250304044404,unreviewed,queued,compare_current_and_extract,Wayback capture confirmed
P1,/walk-in-baths-in-nursing-homes-senior-housing/,,,20240415120609,unreviewed,queued,compare_current_and_extract,Wayback capture confirmed
