capture_timestamp,original_url,status
20240223080913,https://odysseybaths.co.uk/,200
20240415124253,https://odysseybaths.co.uk/a-closer-look-at-the-benefits-of-a-walk-in-bath/,200
20240415115747,https://odysseybaths.co.uk/about-us/,200
20240415125624,https://odysseybaths.co.uk/basket/,200
20240415130916,https://odysseybaths.co.uk/blog/,200
20240415112809,https://odysseybaths.co.uk/contact/,200
20250317153306,https://odysseybaths.co.uk/create-your-ultimate-bathroom-retreat-with-odyssey-walk-in-tubs/,200
20240415111904,https://odysseybaths.co.uk/features/,200
20240415130052,https://odysseybaths.co.uk/help-info/,200
20240415130005,https://odysseybaths.co.uk/here-are-some-signs-its-time-for-a-walk-in-bath/,200
20240223073514,https://odysseybaths.co.uk/how-walk-in-baths-can-help-with-muscle-pain/,200
20240415115910,https://odysseybaths.co.uk/installing-a-walk-in-bath/,200
20240415122439,https://odysseybaths.co.uk/lh-rh/,200
20240415122129,https://odysseybaths.co.uk/my-account/,200
20240415114237,https://odysseybaths.co.uk/privacy-policy/,200
20240518090133,https://odysseybaths.co.uk/product-category/deep-soaker-bath/,200
20240518102405,https://odysseybaths.co.uk/product-category/serenity-range/,200
20240518105141,https://odysseybaths.co.uk/product-category/shower-baths/,200
20240518095508,https://odysseybaths.co.uk/product-category/standard-size-baths/,200
20250306213814,https://odysseybaths.co.uk/product-category/walk-in-baths/,200
20240415124939,https://odysseybaths.co.uk/product/abalone-1500-and-1700-with-glass-door/,200
20240415115620,https://odysseybaths.co.uk/product/abalone-rv-1500-and-1700-with-glass-door/,200
20240415112132,https://odysseybaths.co.uk/product/affinity/,200
20240415132759,https://odysseybaths.co.uk/product/ambiance/,200
20240813193154,https://odysseybaths.co.uk/product/ambiance-the-king-of-front-entry-baths/,200
20240415122322,https://odysseybaths.co.uk/product/athena/,200
20240813182701,https://odysseybaths.co.uk/product/athena-and-athena-mini-functional-and-stylish/,200
20240415115704,https://odysseybaths.co.uk/product/aventis-1700/,200
20240415130958,https://odysseybaths.co.uk/product/avrail-1500-and-1700-with-plastic-door/,200
20240415113556,https://odysseybaths.co.uk/product/avrail-rv-1500-and-1700-with-plastic-door/,200
20240415115457,https://odysseybaths.co.uk/product/carnelian/,200
20240415114454,https://odysseybaths.co.uk/product/caversham/,200
20240415122519,https://odysseybaths.co.uk/product/cordova-1700-with-plastic-door/,200
20240813182931,https://odysseybaths.co.uk/product/cordova-double-ended-1700-with-plastic-door/,200
20240415112542,https://odysseybaths.co.uk/product/cortega-1700-with-glass-door/,200
20240415120857,https://odysseybaths.co.uk/product/highgrove/,200
20240415122746,https://odysseybaths.co.uk/product/larimar/,200
20240415122710,https://odysseybaths.co.uk/product/maestro/,200
20240813183108,https://odysseybaths.co.uk/product/maestro-unique-bi-folding-door-and-easy-to-clean/,200
20240415114845,https://odysseybaths.co.uk/product/olivia/,200
20240415112652,https://odysseybaths.co.uk/product/priya/,200
20240415112426,https://odysseybaths.co.uk/product/serenity-66-classic/,200
20240415124752,https://odysseybaths.co.uk/product/serenity-66-plus/,200
20240415132513,https://odysseybaths.co.uk/product/serenity-66-special/,200
20240415132640,https://odysseybaths.co.uk/product/serenity-75-classic/,200
20240415123055,https://odysseybaths.co.uk/product/serenity-75-plus/,200
20240415131039,https://odysseybaths.co.uk/product/serenity-75-special/,200
20240813191716,https://odysseybaths.co.uk/product/serenity-75-special-large-and-fully-featured/,200
20240415124612,https://odysseybaths.co.uk/product/stamford-75-classic/,200
20240415132720,https://odysseybaths.co.uk/returns-policy/,200
20240415132305,https://odysseybaths.co.uk/serenity-range-self-cleaning-walk-in-baths/,200
20240415132034,https://odysseybaths.co.uk/shop/,200
20250307174215,https://odysseybaths.co.uk/special-walk-in-bath-delivery-to-malta/,200
20240415113400,https://odysseybaths.co.uk/terms/,200
20240415112307,https://odysseybaths.co.uk/tips-for-designing-an-accessible-bathroom/,200
20240415114406,https://odysseybaths.co.uk/using-epsom-salts-in-your-walk-in-bath/,200
20240415124152,https://odysseybaths.co.uk/vat-registration/,200
20250304044404,https://odysseybaths.co.uk/walk-in-baths-and-showers-with-hydrotherapy-health-wellness-benefits/,200
20240415120609,https://odysseybaths.co.uk/walk-in-baths-in-nursing-homes-senior-housing/,200
20250308065003,https://odysseybaths.co.uk/walk-in-baths-with-showers-the-best-dual-function-options-in-the-uk/,200
